character_id,character,actor,text,text_devanagari,source,year,type,triggers
"gone","G.ONE","Shah Rukh Khan","Bade bade deshon mein aisi chhoti chhoti baatein hoti rehti hain, Senorita!","बड़े बड़े देशों में ऐसी छोटी छोटी बातें होती रहती हैं, सेनोरीटा!","Dilwale Dulhania Le Jayenge","1995","film","hit|win"
"gone","G.ONE","Shah Rukh Khan","Hum ek baar jeete hain, ek baar marte hain... aur maar bhi ek hi baar padti hai!","हम एक बार जीते हैं, एक बार मरते हैं... और मार भी एक ही बार पड़ती है!","Kuch Kuch Hota Hai (twisted)","1998","film","hit"
"gone","G.ONE","Shah Rukh Khan","Hum ek baar jeete hain, ek baar marte hain, shaadi bhi ek baar hoti hai... aur pyaar bhi ek hi baar hota hai.","हम एक बार जीते हैं, एक बार मरते हैं, शादी भी एक बार होती है... और प्यार भी एक ही बार होता है।","Kuch Kuch Hota Hai","1998","film","win"
"gone","G.ONE","Shah Rukh Khan","Don ko pakadna mushkil hi nahi... naamumkin hai!","डॉन को पकड़ना मुश्किल ही नहीं... नामुमकिन है!","Don","2006","film","intro|hit"
"gone","G.ONE","Shah Rukh Khan","Rahul... naam toh suna hoga.","राहुल... नाम तो सुना होगा।","Dil To Pagal Hai","1997","film","intro|fatality"
"gone","G.ONE","Shah Rukh Khan","Haar kar jeetne wale ko... Baazigar kehte hain!","हार कर जीतने वाले को... बाज़ीगर कहते हैं!","Baazigar","1993","film","win|super"
"gone","G.ONE","Shah Rukh Khan","Picture abhi baaki hai, mere dost!","पिक्चर अभी बाकी है, मेरे दोस्त!","Om Shanti Om","2007","film","hurt"
"gone","G.ONE","Shah Rukh Khan","Sattar minute... sattar minute hai tumhare paas!","सत्तर मिनट... सत्तर मिनट है तुम्हारे पास!","Chak De! India","2007","film","intro"
"gone","G.ONE","Shah Rukh Khan","Bete ko haath lagane se pehle... baap se baat kar!","बेटे को हाथ लगाने से पहले... बाप से बात कर!","Jawan","2023","film","hit|super"
"gone","G.ONE","Shah Rukh Khan","K-k-k-k-Kiran!","क-क-क-क-किरण!","Darr","1993","film","hurt"
"gone","G.ONE","Shah Rukh Khan","Poori kainaat tujhe peetne ki saazish mein lag gayi hai!","पूरी कायनात तुझे पीटने की साज़िश में लग गई है!","Om Shanti Om (twisted)","2007","film","super"
"gone","G.ONE","Shah Rukh Khan","Main hoon na! ...aur tu? Tu toh gaya.","मैं हूँ ना! ...और तू? तू तो गया।","Main Hoon Na (twisted)","2004","parody","hit"
"gone","G.ONE","Shah Rukh Khan","Agar buraai ka saath doge, toh uski parchhai hamesha tumhara peecha karegi.","अगर बुराई का साथ दोगे, तो उसकी परछाई हमेशा तुम्हारा पीछा करेगी।","Ra.One (Hindi paraphrase)","2011","film","win|super"
"gone","G.ONE","Shah Rukh Khan","Ra.One... tera H.A.R.T. toh pehle hi mere paas hai!","रा.वन... तेरा हार्ट तो पहले ही मेरे पास है!","Parody (Ra.One)","","parody","intro"
"gone","G.ONE","Shah Rukh Khan","G.One online. Tera game over, mera game on!","जी वन ऑनलाइन। तेरा गेम ओवर, मेरा गेम ऑन!","Parody","","parody","intro|win"
"raone","RA.ONE","Arjun Rampal","Main Ra.One hoon. Mujhe koi nahi maar sakta... game ka rule hai.","मैं रा.वन हूँ। मुझे कोई नहीं मार सकता... गेम का रूल है।","Parody (Ra.One)","","parody","intro"
"raone","RA.ONE","Arjun Rampal","G.One! Duniya ke har kone mein dhoonda tujhe... aaj game khatam!","जी.वन! दुनिया के हर कोने में ढूँढा तुझे... आज गेम ख़त्म!","Parody (Ra.One)","","parody","intro"
"raone","RA.ONE","Arjun Rampal","Game over!","गेम ओवर!","Parody","","parody","hit"
"raone","RA.ONE","Arjun Rampal","Pause ka button nahi hai, bachche. Yeh real life hai.","पॉज़ का बटन नहीं है, बच्चे। यह रियल लाइफ़ है।","Parody","","parody","hit"
"raone","RA.ONE","Arjun Rampal","Chammak Challo? Nahi... Chammak DHULLO!","छम्मक छल्लो? नहीं... छम्मक धुल्लो!","Ra.One (song title, twisted)","2011","parody","hit|win"
"raone","RA.ONE","Arjun Rampal","Dus sar hain mere... aur ek bhi maaf nahi karta!","दस सर हैं मेरे... और एक भी माफ़ नहीं करता!","Parody (Raavan reference)","","parody","super"
"raone","RA.ONE","Arjun Rampal","Mere H.A.R.T. ko haath mat lagana!","मेरे हार्ट को हाथ मत लगाना!","Parody (Ra.One)","","parody","hurt"
"raone","RA.ONE","Arjun Rampal","Toot gaya? Koi baat nahi... cubes se dobara ban jaunga.","टूट गया? कोई बात नहीं... क्यूब्स से दोबारा बन जाऊँगा।","Parody (Ra.One)","","parody","hurt"
"raone","RA.ONE","Arjun Rampal","Level complete. Agla victim, please!","लेवल कम्प्लीट। अगला विक्टिम, प्लीज़!","Parody","","parody","win|fatality"
"krrish","KRRISH","Hrithik Roshan","Vijay Dinanath Chauhan... poora naam!","विजय दीनानाथ चौहान... पूरा नाम!","Agneepath","2012","film","intro"
"krrish","KRRISH","Hrithik Roshan","Raja ka beta raja nahi banega... raja wahi banega jo haqdaar hoga!","राजा का बेटा राजा नहीं बनेगा... राजा वही बनेगा जो हक़दार होगा!","Super 30","2019","film","hit|win"
"krrish","KRRISH","Hrithik Roshan","Jaadoo! Dhoop... dhoop!","जादू! धूप... धूप!","Koi... Mil Gaya","2003","meme","super"
"krrish","KRRISH","Hrithik Roshan","Kaho naa... pyaar hai! ...nahi? Toh le ghoonsa!","कहो ना... प्यार है! ...नहीं? तो ले घूँसा!","Kaho Naa... Pyaar Hai (twisted)","2000","parody","hit"
"krrish","KRRISH","Hrithik Roshan","Bang Bang!","बैंग बैंग!","Bang Bang!","2014","meme","hit"
"krrish","KRRISH","Hrithik Roshan","Mask isliye pehenta hoon, taaki tujhe sharminda na hona pade.","मास्क इसलिए पहनता हूँ, ताकि तुझे शर्मिंदा न होना पड़े।","Parody","","parody","hit|intro"
"krrish","KRRISH","Hrithik Roshan","Aah! Mera mask... mera hairstyle!","आह! मेरा मास्क... मेरा हेयरस्टाइल!","Parody","","parody","hurt"
"krrish","KRRISH","Hrithik Roshan","Krrish ko koi nahi rok sakta... siwaye Mummy ke.","कृष को कोई नहीं रोक सकता... सिवाय मम्मी के।","Parody","","parody","win"
"krrish","KRRISH","Hrithik Roshan","Pehle dance karunga, phir dhulai. Dono mein expert hoon.","पहले डांस करूँगा, फिर धुलाई। दोनों में एक्सपर्ट हूँ।","Parody","","parody","intro|fatality"
"jatt","FLYING JATT","Tiger Shroff","Chhoti bachchi ho kya?","छोटी बच्ची हो क्या?","Heropanti","2014","film","hit|intro"
"jatt","FLYING JATT","Tiger Shroff","This Jatt kicks butt!","दिस जट किक्स बट!","A Flying Jatt (poster tagline)","2016","meme","super|hit"
"jatt","FLYING JATT","Tiger Shroff","Main udd sakta hoon... bas koi neeche mat dekhne dena!","मैं उड़ सकता हूँ... बस कोई नीचे मत देखने देना!","Parody (A Flying Jatt)","","parody","intro"
"jatt","FLYING JATT","Tiger Shroff","Mummy! Mujhe heights se darr lagta hai!","मम्मी! मुझे हाइट्स से डर लगता है!","Parody (A Flying Jatt)","","parody","hurt"
"jatt","FLYING JATT","Tiger Shroff","Pollution kam karo, warna Flying Jatt aa jayega!","पॉल्यूशन कम करो, वरना फ़्लाइंग जट आ जाएगा!","Parody (A Flying Jatt)","","parody","hit|win"
"jatt","FLYING JATT","Tiger Shroff","Jaldi khatam karte hain, ghar pe do kilo lauki bhi le jaani hai.","जल्दी ख़त्म करते हैं, घर पे दो किलो लौकी भी ले जानी है।","Parody (A Flying Jatt)","","parody","win|intro"
"jatt","FLYING JATT","Tiger Shroff","Antariksh mein pollution nahi hota... wahan tujhe koi nahi bachayega!","अंतरिक्ष में पॉल्यूशन नहीं होता... वहाँ तुझे कोई नहीं बचाएगा!","Parody (A Flying Jatt climax)","","parody","super|fatality"
"jatt","FLYING JATT","Tiger Shroff","Oye! Suit naya hai, mummy ne silwaya hai!","ओए! सूट नया है, मम्मी ने सिलवाया है!","Parody (A Flying Jatt)","","parody","hurt"
"chitti","CHITTI","Rajinikanth","Hi! Main hoon Chitti, the Robot. Speed 1 terahertz, memory 1 zettabyte.","हाय! मैं हूँ चिट्टी, द रोबोट। स्पीड वन टेराहर्ट्ज़, मेमोरी वन ज़ेटाबाइट।","Robot","2010","film","intro"
"chitti","CHITTI","Rajinikanth","Mind it!","माइंड इट!","Rajinikanth catchphrase","","meme","hit"
"chitti","CHITTI","Rajinikanth","Rascala!","रास्कला!","Rajinikanth catchphrase","","meme","hit"
"chitti","CHITTI","Rajinikanth","Main ek baar bolta hoon, toh sau baar bolne ke barabar hai!","मैं एक बार बोलता हूँ, तो सौ बार बोलने के बराबर है!","Baashha (Hindi dub)","1995","film","hit|win"
"chitti","CHITTI","Rajinikanth","Kabali da!","कबाली डा!","Kabali","2016","film","super"
"chitti","CHITTI","Rajinikanth","Meeehhhh!","मैंऽऽऽ!","Robot (Chitti 2.0)","2010","meme","hit|hurt"
"chitti","CHITTI","Rajinikanth","Error 404: Tera defence not found.","एरर फ़ोर ज़ीरो फ़ोर: तेरा डिफ़ेंस नॉट फ़ाउंड।","Parody","","parody","hit"
"chitti","CHITTI","Rajinikanth","Battery low... ek minute, charging pe lagata hoon!","बैटरी लो... एक मिनट, चार्जिंग पे लगाता हूँ!","Parody","","parody","hurt"
"chitti","CHITTI","Rajinikanth","Software update complete. Opponent deleted. Mind it!","सॉफ़्टवेयर अपडेट कम्प्लीट। ऑपोनेंट डिलीटेड। माइंड इट!","Parody","","parody","win|fatality"
"shaktimaan","SHAKTIMAAN","Mukesh Khanna","Om... Shaktimaan!","ॐ... शक्तिमान!","Shaktimaan (transformation)","1997","meme","intro|super"
"shaktimaan","SHAKTIMAAN","Mukesh Khanna","Bolo... Sorry Shaktimaan!","बोलो... सॉरी शक्तिमान!","Shaktimaan","1997","meme","hit|fatality"
"shaktimaan","SHAKTIMAAN","Mukesh Khanna","Chhoti chhoti magar moti baatein: maar khane se pehle soch lena!","छोटी छोटी मगर मोटी बातें: मार खाने से पहले सोच लेना!","Shaktimaan (segment, twisted)","1997","parody","win"
"shaktimaan","SHAKTIMAAN","Mukesh Khanna","Gangadhar hi Shaktimaan hai!","गंगाधर ही शक्तिमान है!","Shaktimaan (meme)","1997","meme","hurt|intro"
"shaktimaan","SHAKTIMAAN","Mukesh Khanna","Andhera kaayam nahi rahega, Kilvish!","अंधेरा कायम नहीं रहेगा, किलविश!","Shaktimaan (twisted)","1997","parody","super"
"shaktimaan","SHAKTIMAAN","Mukesh Khanna","Bachchon, yeh stunt ghar pe try mat karna!","बच्चों, यह स्टंट घर पे ट्राई मत करना!","Parody","","parody","hit"
"shaktimaan","SHAKTIMAAN","Mukesh Khanna","Bachchon, roz doodh piyo... aur bure logon ko aise hi dhulo.","बच्चों, रोज़ दूध पियो... और बुरे लोगों को ऐसे ही धुलो।","Parody","","parody","win|hit"
"mrindia","MR. INDIA","Anil Kapoor","Jhakaas!","झक्कास!","Anil Kapoor catchphrase","","meme","hit|win"
"mrindia","MR. INDIA","Anil Kapoor","Control Uday, control!","कंट्रोल उदय, कंट्रोल!","Welcome","2007","film","hurt"
"mrindia","MR. INDIA","Anil Kapoor","Dikhta nahi hoon... par lagta zor se hoon!","दिखता नहीं हूँ... पर लगता ज़ोर से हूँ!","Parody","","parody","hit|intro"
"mrindia","MR. INDIA","Anil Kapoor","Laal batti dekhi? Matlab ab tu gaya!","लाल बत्ती देखी? मतलब अब तू गया!","Parody (Mr. India)","","parody","super"
"mrindia","MR. INDIA","Anil Kapoor","Calendar! Khaana lao, ladai ke baad bhook lagti hai!","कैलेंडर! खाना लाओ, लड़ाई के बाद भूख लगती है!","Mr. India (twisted)","1987","parody","win"
"mrindia","MR. INDIA","Anil Kapoor","Mogambo khush hua? Nahi... ab Mr. India khush hua!","मोगैम्बो खुश हुआ? नहीं... अब मिस्टर इंडिया खुश हुआ!","Mr. India (twisted)","1987","parody","win|fatality"
"mrindia","MR. INDIA","Anil Kapoor","Ek, do, teen... ab tu dikhega nahi!","एक, दो, तीन... अब तू दिखेगा नहीं!","Parody","","parody","intro"
"singham","SINGHAM","Ajay Devgn","Aata majhi satakli!","आता माझी सटकली!","Singham","2011","film","super|hit"
"singham","SINGHAM","Ajay Devgn","2 aur 3 October ko hum Panjim gaye the... satsang ke liye.","दो और तीन अक्टूबर को हम पणजी गए थे... सत्संग के लिए।","Drishyam","2015","film","intro|hurt"
"singham","SINGHAM","Ajay Devgn","Meri jeep ki entry dekhi? Ab apni exit dekh!","मेरी जीप की एंट्री देखी? अब अपनी एग्ज़िट देख!","Parody","","parody","hit|win"
"singham","SINGHAM","Ajay Devgn","Kanoon ke haath lambe hote hain... aur mere ghoonse bhi!","कानून के हाथ लंबे होते हैं... और मेरे घूँसे भी!","Parody (classic Bollywood line)","","parody","hit"
"singham","SINGHAM","Ajay Devgn","Dard nahi hota... bas thodi si satakti hai!","दर्द नहीं होता... बस थोड़ी सी सटकती है!","Parody","","parody","hurt"
"singham","SINGHAM","Ajay Devgn","Ek pair idhar, ek pair udhar... split bhi main, hit bhi main!","एक पैर इधर, एक पैर उधर... स्प्लिट भी मैं, हिट भी मैं!","Parody (Phool Aur Kaante stunt)","","parody","intro|win"
"singham","SINGHAM","Ajay Devgn","Chal, thaane chal!","चल, थाने चल!","Parody","","parody","fatality"
"chulbul","CHULBUL PANDEY","Salman Khan","Hum tum mein itne chhed karenge, ki confuse ho jaoge ki saans kahan se le aur paade kahan se!","हम तुम में इतने छेद करेंगे, कि कन्फ़्यूज़ हो जाओगे कि साँस कहाँ से लें और पादें कहाँ से!","Dabangg","2010","film","super|hit"
"chulbul","CHULBUL PANDEY","Salman Khan","Swagat nahi karoge hamara?","स्वागत नहीं करोगे हमारा?","Dabangg 2","2012","film","intro"
"chulbul","CHULBUL PANDEY","Salman Khan","Ek baar jo maine commitment kar di, uske baad toh main khud ki bhi nahi sunta!","एक बार जो मैंने कमिटमेंट कर दी, उसके बाद तो मैं खुद की भी नहीं सुनता!","Wanted","2009","film","intro|hit"
"chulbul","CHULBUL PANDEY","Salman Khan","Thappad se darr nahi lagta sahab... pyaar se lagta hai!","थप्पड़ से डर नहीं लगता साहब... प्यार से लगता है!","Dabangg","2010","film","hurt"
"chulbul","CHULBUL PANDEY","Salman Khan","Mujh par ek ehsaan karna... ki mujh par koi ehsaan na karna.","मुझ पर एक एहसान करना... कि मुझ पर कोई एहसान न करना।","Maine Pyar Kiya","1989","film","win"
"chulbul","CHULBUL PANDEY","Salman Khan","Tiger zinda hai!","टाइगर ज़िंदा है!","Tiger Zinda Hai","2017","film","hurt|win"
"chulbul","CHULBUL PANDEY","Salman Khan","Chashma peeche, ghoonsa aage. Yahi hai Robin Hood Pandey!","चश्मा पीछे, घूँसा आगे। यही है रॉबिन हुड पांडे!","Parody","","parody","hit|fatality"
"gabbar","GABBAR SINGH","Amjad Khan","Kitne aadmi the?","कितने आदमी थे?","Sholay","1975","film","intro|hit"
"gabbar","GABBAR SINGH","Amjad Khan","Jo darr gaya... samjho mar gaya!","जो डर गया... समझो मर गया!","Sholay","1975","film","hit|super"
"gabbar","GABBAR SINGH","Amjad Khan","Yeh haath humko de de, Thakur!","ये हाथ हमको दे दे, ठाकुर!","Sholay","1975","film","fatality|super"
"gabbar","GABBAR SINGH","Amjad Khan","Ab tera kya hoga, Kaalia?","अब तेरा क्या होगा, कालिया?","Sholay","1975","film","hit|win"
"gabbar","GABBAR SINGH","Amjad Khan","Arre O Sambha! Kitna inaam rakhe hai sarkar hum par?","अरे ओ सांभा! कितना इनाम रखे है सरकार हम पर?","Sholay","1975","film","intro"
"gabbar","GABBAR SINGH","Amjad Khan","Bahut yaarana lagta hai!","बहुत याराना लगता है!","Sholay","1975","film","hit"
"gabbar","GABBAR SINGH","Amjad Khan","Holi kab hai? Kab hai Holi?","होली कब है? कब है होली?","Sholay","1975","film","win|hurt"
"gabbar","GABBAR SINGH","Amjad Khan","Aaaah! Sambha... tu bas dekhta reh!","आआह! सांभा... तू बस देखता रह!","Parody","","parody","hurt"
"mogambo","MOGAMBO","Amrish Puri","Mogambo khush hua!","मोगैम्बो खुश हुआ!","Mr. India","1987","film","hit|win|fatality"
"mogambo","MOGAMBO","Amrish Puri","Jaa Simran jaa... jee le apni zindagi!","जा सिमरन जा... जी ले अपनी ज़िंदगी!","Dilwale Dulhania Le Jayenge","1995","film","hit"
"mogambo","MOGAMBO","Amrish Puri","Bolo... Hail Mogambo! Warna acid mein daal dunga!","बोलो... हेल मोगैम्बो! वरना एसिड में डाल दूँगा!","Mr. India (twisted)","1987","parody","intro"
"mogambo","MOGAMBO","Amrish Puri","Mogambo naraaz hua!","मोगैम्बो नाराज़ हुआ!","Mr. India (twisted)","1987","parody","hurt"
"mogambo","MOGAMBO","Amrish Puri","Mogambo ki duniya mein swagat hai!","मोगैम्बो की दुनिया में स्वागत है!","Parody","","parody","super|intro"
"mogambo","MOGAMBO","Amrish Puri","Aaj Mogambo bahut, bahut khush hua!","आज मोगैम्बो बहुत, बहुत खुश हुआ!","Mr. India (twisted)","1987","parody","win"
